{
    "objects": [
        {
            "name": "VertexColoredPlane",
            "mesh": 0,
            "position": [
                438.9072265625,
                -787.7738037109375,
                208.73178100585938
            ],
            "rotation": [
                0.6870381236076355,
                0.6870381236076355,
                -0.1672680526971817,
                -0.1672680526971817
            ],
            "scale": [
                0.6092457175254822,
                0.6092457175254822,
                0.6092457175254822
            ]
        }
    ],
    "materials": [
        {
            "name": "Untextured"
        }
    ],
    "meshes": [
        {
            "name": "Plane.001",
            "vertices": [
                {
                    "pos": [
                        -256.0,
                        -256.0,
                        0.0
                    ],
                    "color": [
                        255,
                        236,
                        148
                    ]
                },
                {
                    "pos": [
                        256.0,
                        -256.0,
                        0.0
                    ],
                    "color": [
                        16,
                        255,
                        46
                    ]
                },
                {
                    "pos": [
                        -256.0,
                        256.0,
                        0.0
                    ],
                    "color": [
                        77,
                        64,
                        255
                    ]
                },
                {
                    "pos": [
                        256.0,
                        256.0,
                        0.0
                    ],
                    "color": [
                        255,
                        0,
                        127
                    ]
                }
            ],
            "faces": [
                {
                    "vertices": [
                        0,
                        1,
                        3,
                        2
                    ],
                    "uvs": []
                }
            ],
            "materials": [
                0
            ]
        }
    ]
}